[ 	{ "id" : "56614", "rev" : "after enduring mariah careys film debut , glitter , im reminded of a bit from chris rocks bigger and blacker .in response to women saying that they can raise a child without a man rock says , you can drive a car with your feet , but that dont mean it should be done . " } ,  
	{ "id" : "56614", "rev" : "to that i say , you can give mariah carey a movie , but that certainly dont mean it should be done .  sure , there are plenty of pop star film vehicles out there from the beatles a hard days night to the spice girls spice world --but none have been so vapidly pointless or laughable as glitter ." }, 
	{ "id" : "56614", "rev" :"everything about this complete tripe is ludicrous .start off with the story , which -- as gruesomely predictable as it is -- is the least offensive part of the movie ." },  
	{ "id" : "56614", "rev" : "the book is inexplicably set in the 80s ,a period piece that really shows no sign of its period except for a few chicks in leg warmers . worse yet , everyones speaking late 90s hip-hop slang in what should be 1983 . " }, 
	{ "id" : "56614", "rev" : "meant to be partially autobiographical , carey plays billie frank ,a young singer in new york who struggles to overcome a rough childhood and abandonment by her alcoholic mother influential club dj julian dice , a . k . a .lucky 7( max beesley playing a bad mix of puff daddy and robert de niro ) , hears her sing on a track , and decides to make her a star" },
	{ "id" : "56614", "rev" : " in predictably rapid succession , billie and dice fall for each other , she starts hitting it big ,  dice gets jealous and starts acting like an ass , and suddenly billies on  the roller coaster of superstardom .  in the meantime , billie is on an emotional hunt for her missing mom . i wont give away the ending ,  but -- honestly -- just think of unicorns and rainbows . . . youll figure it out " },
	{ "id" : "56614", "rev" : "the movie screams to be made with camp , and that couldve been fun .but the filmmakers thought making the bulk of glitter weepy and dramatic would be better .what a mistake . the brief attempts at comic relief --  as in a scene where an effeminate russian-sounding director gets wacky with filming billies first music video -- go over like lead balloons " }, 
 	{ "id" : "56614", "rev" : "instead , the audience at my screening tended to laugh loudest during mariahs most dramatic scenes .which brings us to the performances , of which theres nothing good that can be said . mariah is primarily seen with a wide-eyed deer-in-the-headlights look frozen on her face .she actually looks scared during her one love scene " }, 
	{ "id" : "56614", "rev" : "you have to wonder if the writing isnt even worse .  so much of the dialogue is so hackneyed and watered down for careys virginal target audience that its probably impossible for any actor to pull it off with aplomb .  even the characters couldnt have been written more absurdly " },
	{ "id" : "56614", "rev" : "theyre all members of a barbie playset : the important film director who swoons , billie , id love to put you in a movie im making , and the big-time record executive who takes billies demo tape and says , oh , ill make sure the whole team listens to it in the morning ." } ,

		
	{ "id" : "56632", "rev" : "watching one of these movies , everything seems to make sense until suddenly you are blown away by an unexpected surprise. when the film ends , there is a moment of confusion , then recollection , then some more confusion ,then possibly a second viewing for clarification . this is a description of an ideal twist that  perfects everything it sets out to do and more  " } , 
	{ "id" : "56632", "rev" : "good surprises make movies fun to watch . then there are the bad twists .you either know what is going to happen ten minutes into the movie ( i'm talking about you reindeer games) or you did not guess the ending because it is so outrageously stupid. screwed perfectly suits the latter description . " },  
	{ "id" : "56632",  "rev" : "what starts out as a dumb guilty pleasure which should be fun to mock with a group of friends ends with a complex finale with way too much going on . by the writers of man on the moon and the people vs . larry flynt scott alexander and larry karaszewski leave milos forman behind and take a stab at film directing  " }, 
	{ "id" : "56632", "rev" : "norm macdonald stars as willard filmore , a hard working chauffeur who just wants a little respect from his rich ,old , insidious boss , miss crock ( elaine stritch ) .when he overhears her plans to fire him on christmas day.willard is convinced by his best friend rusty ( dave chapelle ) to kidnap crock's beloved dog and hold it for a ransom of one million dollars  " }, 
	{ "id" : "56632",  "rev" : "too excited to pay any attention , the hapless losers' plan goes awry when the dog escapes and returns home .now crock thinks willard has been kidnapped and the two friends , realizing they can make even more money ,  decide to stage the fake kidnapping . of course , everything that could go wrong does .the first forty-five minutes of screwed is harmless entertainment- a guilty pleasure that should be enjoyably bad" },
	{ "id" : "56632",  "rev" : "but the convoluted script eventually builds into a disaster that is impossible to bear .the more idiotic these characters get , the more reckless the script becomes . at one point .i wanted to get out of my seat and yell at these characters :  no , you idiot ! i'm not just talking about willard and rusty , who were extremely annoying ,i'm also talking about the cops in this film . " },
	{ "id" : "56632", "rev" : "a monkey could have solved this case within an hour but these guys ( headed by murder one's daniel benzali )were just too clueless to forgive . they give real cops bad names . also poor danny devito apparently does not know how to turn down a role these days  " },
	{ "id" : "56632", "rev" : "looking almost identical to his penguin in batman : returns every time he appeared on the screen i had to shake my head in disbelief .he just didn't belong in this movie .macdonald and chapelle are veterans at these kinds of movies but devito made the film much worse than it already was ,gross out humor is certainly not his forte " }, 
	{ "id" : "56632",  "rev" : "if you're a fan of norm macdonald's other chaotic comedy , dirty work ,you might actually love this near-sequel .  otherwise , don't get screwed out of your hard-earned money . " },
	{ "id" : "56632",  "rev" : " this is a description of an ideal twist that perfects everything it sets out to do and more .good surprises make movies fun to watch . then there are the bad twists .you either know what is going to happen ten minutes into the movie ( i'm talking about you reindeer games)or you did not guess the ending because it is so outrageously stupid"  } ,
	
	{	"id": "56636",	"rev": "when she tackles big issues , such as abortion in fast times at ridgemont high , it's impossible to tell whether she's being matter-of-fact or glib about them they carry an almost documentary starkness  , but whatever the case , she continually refuses to comment politically . such is the sitcom tendency of her work to jeopardize the innocence of her characters and then hit the reset button . "	},
	{	"id": "56636",	"rev": "this fear of drama soured me on fast times . . . , look who's talking , clueless , and now loser , in which ms . heckerling also demonstrates , for the first time , zero affinity for the milieu . has anyone , for instance , ever met a girl in the stylistic vein of mena suvari's dora ? attired in black thrift , her eye shadow smeared to racoon chic and her bangy red hair barely contained by girlish clips , she accepts the label of goth , but no self-respecting goth girl ever admitted to digging , as dora does , those geriatric rockers everclear , nor willingly went anywhere with a six-pack-wielding fratboy stranger"	},
	{	"id": "56636",	"rev": "the mechanics of loser's tired old introvert-boy-falls-for-extrovert-girl plot drive its protagonists into cultural non-specificity , so that they become even less than stereotypes . they become walking wardrobes . small-town transplant paul ( a strangely static jason biggs ) , our eponymous hero , always wears his woolly hunter's cap with flaps covering the ears , and beneath it rests a parted moptop that couldn't scream  shemp  ( the lame stooge ) wig louder"	},
	{	"id": "56636",	"rev": "he has three smug-looking roommates ( the one-dimensional trio is not supposed to be brothers , but they share similar facial features , including and especially mouths ) , and their fashion sense is incomprehensibly glam . though they're not overtly transvestites , heckerling seems to be equating flamboyance with villainy ; how very cruising of her . ( the dormies conspire to evict paul and regularly molest women they have drugged ."	},
	{	"id": "56636",	"rev": "dora ignorantly downs one of their date rape potions . unfortunately , either heckerling or the studio is too cowardly to admit if she was subsequently violated . ) when paul rescues dora from said narcotic scare , he learns that she is dating their unctuous european lit professor edward alcott ( superb greg kinnear ) "},
	{	"id": "56636",	"rev": "although paul's already in love with dora by this point , as is bound to happen to losers when pretty girls address them by name , he gets altruistic and pretends the flowers he bought her are actually from alcott . she's thrilled , but nevertheless spends a few days at paul's to recuperate ; the two bond over emergency kitten surgery and a broadway play (  cabaret  ) , and just when paul's got in his head that she's starting to love him back in that non-friendly way , she decides to become alcott's live-in girlfriend "	},
	{	"id": "56636",	"rev": "cue precious hommage to the graduate , shots of paul drifting around berkeley--er . . . ( aside : simon & garfunkel's parsley , sage , rosemary  thyme  should never have been allowed in another motion picture . ) heckerling has a lot in common with nora you've got mail  ephron , the only other prominent chick directing comedies today , in that neither has any use for strong-willed women . men continue to trod on dora until the bitter end ( in the final scene , she gives paul a big smooch after he blurts out his feelings in what amounts to a creepy ultimatum ) , and dora ultimately shrugs off being drugged against her will--mere hours after paul hints to her that she was poisoned , she's cheerily redecorating his apartment"},
	{	"id": "56636",	"rev": "( heckerling is so laissez-faire about the issue in general that she reserves the comeuppance of the would-be rapists for jokey epilogue titles . ) goth veneer aside , there are an awful lot of girls out there who behave as erratically as dora , and enough angry young dude filmmakers to make movies about them . heckerling misses her shot at having dora transform herself into a role model , and while such arcs may not be heckerling's social responsibility , it is a privilege i would have taken advantage of if i were in her shoes ."	},
	{	"id": "56636",	"rev": "the film is structured as eight dance lessons , complete with flashy title boards , but there's nothing especially unique to be learned from each section . canadian producer/director ron mann uses a combination of old film and television footage and interviews with now middle-aged american bandstand dancers and recording artists . he spotlights these performers by having them jiggle in front of heavily stylized backgrounds and , frankly , it's embarrassing . it's clear from the observations of betty ( romantini ) begg , carole ( scaldeferri ) spada and floss ( harvey ) mancini why they are dancers , not commentators , as mann allows them to ramble on even though they have almost nothing to say "},
	{	"id": "56636","rev": "in addition , hank ballard , joey dee , and to some extent chubby checker come across as egotistical jerks--surely not the director's intention . the film kicks off with the early 1950s , when ballroom dancing was all the rage . in the juke joints and nightclubs of harlem , places like smalls , the apollo and the savoy , a rising young star called hank ballard and his group the midnighters were performing their hits , songs like  get it , sexy ways , and the infamous work with me annie . ballard's lyrics were raw and suggestive"},

    { "id" : "56618", "rev" : "the book screams to be made with camp , and that couldve been fun .but the writer thought making the bulk of glitter weepy and dramatic would be better .what a mistake . the brief attempts at comic relief --  as in a scene where an effeminate russian-sounding director gets wacky with filming billies first music video -- go over like lead balloons " }, 
 	{ "id" : "56618", "rev" : "instead , the audience at my screening tended to laugh loudest during mariahs most dramatic scenes .which brings us to the performances , of which theres nothing good that can be said . mariah is primarily seen with a wide-eyed deer-in-the-headlights look frozen on her face .she actually looks scared during her one love scene " }, 
	{ "id" : "56618","rev" : "what starts out as a dumb guilty pleasure which should be fun to mock with a group of friends ends with a complex finale with way too much going on . by the writers of man on the moon and the people vs . larry flynt scott alexander and larry karaszewski leave milos forman behind and take a stab at film directing  " }, 
	{ "id" : "56618", "rev" : ". but you have to wonder if the writing isnt even worse .  so much of the dialogue is so hackneyed and watered down for careys virginal target audience that its probably impossible for any actor to pull it off with aplomb .  even the characters couldnt have been written more absurdly " },
	{ "id" : "56618", "rev" : "theyre all members of a barbie playset : the important film director who swoons , billie , id love to put you in a movie im making , and the big-time record executive who takes billies demo tape and says , oh , ill make sure the whole team listens to it in the morning ." } ,
	{ "id" : "56618","rev" : "what starts out as a dumb guilty pleasure which should be fun to mock with a group of friends ends with a complex finale with way too much going on . by the writers of man on the moon and the people vs . larry flynt scott alexander and larry karaszewski leave milos forman behind and take a stab at film directing  " }, 
	{ "id" : "56618", 	"rev" : "norm macdonald stars as willard filmore , a hard working chauffeur who just wants a little respect from his rich ,old , insidious boss , miss crock ( elaine stritch ) .when he overhears her plans to fire him on christmas day.willard is convinced by his best friend rusty ( dave chapelle ) to kidnap crock's beloved dog and hold it for a ransom of one million dollars  " }, 
	{ "id" : "56618", 	"rev" : "too excited to pay any attention , the hapless losers' plan goes awry when the dog escapes and returns home .now crock thinks willard has been kidnapped and the two friends , realizing they can make even more money ,  decide to stage the fake kidnapping . of course , everything that could go wrong does .the first forty-five minutes of screwed is harmless entertainment- a guilty pleasure that should be enjoyably bad" },
	{ "id" : "56618", 	"rev" : "but the convoluted script eventually builds into a disaster that is impossible to bear .the more idiotic these characters get , the more reckless the script becomes . at one point .i wanted to get out of my seat and yell at these characters :  no , you idiot ! i'm not just talking about willard and rusty , who were extremely annoying ,i'm also talking about the cops in this film . " },
	{ "id" : "56618",	"rev" : "a monkey could have solved this case within an hour but these guys ( headed by murder one's daniel benzali )were just too clueless to forgive . they give real cops bad names . also poor danny devito apparently does not know how to turn down a role these days  " },
	{ "id" : "56618", "rev" :"everything about this complete tripe is ludicrous .start off with the story , which -- as gruesomely predictable as it is -- is the least offensive part of the movie ." },
	
	
	{ "id" : "56617","rev" : "good surprises make books fun to read . then there are the bad twists .you either know what is going to happen ten minutes into the movie ( i'm talking about you reindeer games) or you did not guess the ending because it is so outrageously stupid. screwed perfectly suits the latter description . " },  
 	{ "id" : "56617", "rev" : "instead , the audience at my screening tended to laugh loudest during mariahs most dramatic scenes .which brings us to the performances , of which theres nothing good that can be said . mariah is primarily seen with a wide-eyed deer-in-the-headlights look frozen on her face .she actually looks scared during her one love scene " }, 
	{ "id" : "56617", "rev" : "looking almost identical to his penguin in batman : returns every time he appeared on the screen i had to shake my head in disbelief .he just didn't belong in this movie .macdonald and chapelle are veterans at these kinds of movies but devito made the film much worse than it already was ,gross out humor is certainly not his forte " }, 
	{ "id" : "56617", "rev" :"everything about this complete tripe is ludicrous .start off with the story , which -- as gruesomely predictable as it is -- is the least offensive part of the movie ." },
    { "id" : "56617", 	"rev" : "too excited to pay any attention , the hapless losers' plan goes awry when the dog escapes and returns home .now crock thinks willard has been kidnapped and the two friends , realizing they can make even more money ,  decide to stage the fake kidnapping . of course , everything that could go wrong does .the first forty-five minutes of screwed is harmless entertainment- a guilty pleasure that should be enjoyably bad" },
 	{ "id" : "56617", "rev" : "watching one of these movies , everything seems to make sense until suddenly you are blown away by an unexpected surprise. when the film ends , there is a moment of confusion , then recollection , then some more confusion ,then possibly a second viewing for clarification . this is a description of an ideal twist that  perfects everything it sets out to do and more  " } , 
	{ "id" : "56617", "rev" : "theyre all members of a barbie playset : the important film director who swoons , billie , id love to put you in a movie im making , and the big-time record executive who takes billies demo tape and says , oh , ill make sure the whole team listens to it in the morning ." } ,
	{ "id" : "56617", "rev" : "the book is inexplicably set in the 80s ,a period piece that really shows no sign of its period except for a few chicks in leg warmers . worse yet , everyones speaking late 90s hip-hop slang in what should be 1983 . " }, 
	{ "id" : "56617","rev" : "what starts out as a dumb guilty pleasure which should be fun to mock with a group of friends ends with a complex finale with way too much going on . by the writers of man on the moon and the people vs . larry flynt scott alexander and larry karaszewski leave milos forman behind and take a stab at film directing  " }, 
    { "id" : "56617", "rev" : "the book screams to be made with camp , and that couldve been fun .but the writer thought making the bulk of glitter weepy and dramatic would be better .what a mistake . the brief attempts at comic relief --  as in a scene where an effeminate russian-sounding director gets wacky with filming billies first music video -- go over like lead balloons " },

    { "id" : "56625", "rev" : "the book screams to be made with camp , and that couldve been fun .but the writer thought making the bulk of glitter weepy and dramatic would be better .what a mistake . the brief attempts at comic relief --  as in a scene where an effeminate russian-sounding director gets wacky with filming billies first music video -- go over like lead balloons " },
 	{ "id" : "56625", "rev" : "instead , the audience at my screening tended to laugh loudest during mariahs most dramatic scenes .which brings us to the performances , of which theres nothing good that can be said . mariah is primarily seen with a wide-eyed deer-in-the-headlights look frozen on her face .she actually looks scared during her one love scene " }, 
	{ "id" : "56625", "rev" : "theyre all members of a barbie playset : the important film director who swoons , billie , id love to put you in a movie im making , and the big-time record executive who takes billies demo tape and says , oh , ill make sure the whole team listens to it in the morning ." } ,
	{ "id" : "56625", "rev" : "the book is inexplicably set in the 80s ,a period piece that really shows no sign of its period except for a few chicks in leg warmers . worse yet , everyones speaking late 90s hip-hop slang in what should be 1983 . " }, 
	{ "id" : "56625", "rev" : " These subjects can be better covered by creating another chapter or by parceling them into both earlier and later sections. In this situation, the author provides good material and content, which is hampered by poor organization. Overall, a detailed story of the advancement of aviation is shown in readable and entertaining style"},
	{ "id": "56625","rev": "he's some type of psychotic maniac and plans to reek hell on the world by letting everyone feel his pain . when susan becomes confined to a wheelchair , john helps her on her road to recovery . but all is not well , burke has decided to sell the powerful weapons on the black market and hires unknowingly naive young african-americans to sell them for him . but , ( and i hope your sitting down ) my god , he's captured john's baby brother ! this prompts him to turn into a superhuman metal man with a cool suit and plenty of interesting gadgets . an action film easily more forgettable than batman & robin "},
	{ "id": "56625", "rev": "at least batman had some flashly effects and cool scenes . this film is filled with countless scenes that are so bad , it almost appears as if some of the actors are holding back their laughter . another thing that makes it bad is the fact that we a supposed to actually care for all of these characters when they are placed into danger , even though we know that they cannot possibly die because this is a run-of-the mill action flick . this is another film to see if you enjoy inflicting pain on yourself , and i give it * star"	},
	{ "id" : "56625", "rev" : " presents a broad analysis of aviation history that focuses on developments worldwide, as opposed to the many history books that single out achievements of the United States. Aviation History offers an objective view of aviation developments and illustrates the interactive nature of the industry. War spurred many of aviation’s most significant advances, with countries openly borrowing new procedures and operations from enemy progress in the field creating the most effective fighting fleets. "},
	{ "id" : "56625", "rev" : "Each chapter is filled with pictures and colorful quotes from people of that era. These firsthand accounts provide deeper insight into what, in some history books, is just a listing of factual information. When the Red Baron Manfred von Richthofen describes his victory over British ace Lanoe Hawker on November 23, 1916, the day comes alive. I was on patrol that day and observed three Englishmen who had nothing else in mind than to hun "},
	{ "id": "56625", "rev": " One of the most common problems with the literature on the Caribbean is that it is limited to islands and, despite a common history, does not include the West Indian communities on the mainland of Central and South America. Moreover, on those occasions when the entire region receives the attention of a scholar, the product is often from the perspective of the British Caribbean and makes no attempt to understand Hispanic influences. "},	
		
	
	 { "id" : "56630","rev" : "The construction of the book meshes well with its organization and lends itself successfully to the study of different time periods in history. Each chapter is broken down into four sections, which typically fit logically into the topic of the chapter. All chapters are composed of several defining parts that maintain a sense of continuity throughout the volume. A Summary of Events for the time period under review leads into the introduction and the chapter goals " },  
	 { "id" : "56630", "rev" : "A Summary of Events for the time period under review leads into the introduction and the chapter goals. Within the text of the chapter, there are an assortment of breakout boxes that either describes an historic event, provides historical evidence to support aviation theories, or relates bibliographical information about individuals who were propitious in shaping aviation history. Unfortunately, the intriguing stories may also confuse readers when they are so numerous as to distort the flow of the text.  "},
	 { "id" : "56630", "rev" : "The orderliness of the book conforms to an academic curriculum. While the chapters create neatly parceled packages, certain areas seem forced to conform to the ten-chapter plan. For instance, Chapter 9: Space Age Aviation seems oddly burdened by the last third of the chapter which focuses on fighter aircraft and various wars, from Vietnam to the U.S. invasion of Granada, as well as a final section completely on private and general aviation. "},
	 { "id" : "56630", "rev" : " These subjects can be better covered by creating another chapter or by parceling them into both earlier and later sections. In this situation, the author provides good material and content, which is hampered by poor organization. Overall, a detailed story of the advancement of aviation is shown in readable and entertaining style"},
	 { "id" : "56630", "rev" : " presents a broad analysis of aviation history that focuses on developments worldwide, as opposed to the many history books that single out achievements of the United States. Aviation History offers an objective view of aviation developments and illustrates the interactive nature of the industry. War spurred many of aviation’s most significant advances, with countries openly borrowing new procedures and operations from enemy progress in the field creating the most effective fighting fleets. "},
	 { "id" : "56630", "rev" : "Each chapter is filled with pictures and colorful quotes from people of that era. These firsthand accounts provide deeper insight into what, in some history books, is just a listing of factual information. When the Red Baron Manfred von Richthofen describes his victory over British ace Lanoe Hawker on November 23, 1916, the day comes alive. I was on patrol that day and observed three Englishmen who had nothing else in mind than to hun "},
	 { "id" : "56630", "rev" : "The author supplies an in-depth analysis of various aspects of aviation often glossed over in aviation books. Some of the areas explored include the development of aerial photography, air-to-ground communication with early wireless radio equipment, and airmail expansion beyond the United States. Antoine de Saint-Exupery flew a la Ligne mail route between France and Spain that sometimes crossed hostile territory. "},
	 { "id" : "56630", "rev" : "Aviation History is a collection of significant events in aviation accented by the people who made it happen and correlated with world affairs. The book’s use of color and vivid stories helps to make the advancements come to life as something more than significant events on a timeline. While at times the stories may clutter the page, they also breathe life into what is considered by many to be a dull subject. "},
	 { "id" : "56630", "rev" : " The organization of Aviation History allows the reader to easily follow the evolution of aviation. The book is divided into ten chapters. Opening with early aviation of the 18th century, the book progresses through the Wright Brothers, early flight, World War I, peacetime aviation, the Golden Age of Charles Lindbergh and aviation firsts, World War II, the Cold War, space-age aviation, and finally modern aerospace through 1999 with glimpses of the 21st century and beyond. "},
	 { "id" : "56630", "rev" : " tarting with the first unmanned hot air balloon flight in 1783 through the announcement of the X Prize that will be awarded to the first non-government sponsored manned spacecraft, the author shows the detailed progression of international aviation and aerospace technology. The reader is taken on a journey through the world of aviation and receives first-hand accounts from the inventors and dreamers who made it possible. "},
	 	
	 	
	 	
	{ "id": "76", "rev": "and here i was , expecting a movie about bullfighting . this cryptic little indie starts out with the story of a frenchman ( olivier martinez ) in mexico , fascinated with bullfighting , indeed . when his cute little girlfriend unleashes a bull on him for some unknown reason , she ends up getting gored . that's bad enough , but her dad turns out to be a major crime boss , and he proceeds to go on a rampage against our poor frenchman ."},
	{ "id": "76","rev": "and while el mariachi is a truly great film , bullfighter is anything but . the story is supposed to be farcical ( i think ) , but it just comes off as stupid and tiresome . the camerawork is bad , the editing is atrocious ( each scene transition uses a grating jump-back-and-forth-five-times method which makes you want to kill yourself after 10 minutes of it ) . the special effects typically involve a strobe light"	},
	{ "id": "76","rev": "ah , the family classic kazaam , starring that ever popular shaquille o'neal , once a big basketball star . space jam was a hit with michael jordan , why not have other players act ? that ever popular movie about shaq being a genie in a bottle made $18 million , and it's time to do a sequel . ( note on above paragraph : anyone reading the above paragraph and thought that i was actually serious should seek medical help immediately by going to www . shrink . com ) how many times does it take those dumb studio executives to figure out that something doesn't work ? if o'neal's movie premiere "	},
	{ "id": "76","rev": "kazaam , which made the internet movie database's top 10 worst films of the 90s than why make another movie starring this tall basketball hero ? what is an extremely poor rehash ( it almost gets the same treatment that this summer's other comic book to screen dissapointment spawn got ) of a great old comic book , turns into a violent , cheesy , and inane chase through a city of bad guys . the evil nathaniel burke ( judd nelson ) purposefully shoots fellow officer susan sparks ( gish ) with an overpowered weapon right in front of john henry irons ( o'neal , his name is henry irons and steel , get it ? ) on the testing field "	},
	{ "id": "76", "rev": "he's some type of psychotic maniac and plans to reek hell on the world by letting everyone feel his pain . when susan becomes confined to a wheelchair , john helps her on her road to recovery . but all is not well , burke has decided to sell the powerful weapons on the black market and hires unknowingly naive young african-americans to sell them for him . but , ( and i hope your sitting down ) my god , he's captured john's baby brother ! this prompts him to turn into a superhuman metal man with a cool suit and plenty of interesting gadgets . an action film easily more forgettable than batman & robin "},
	{ "id": "76","rev": "he's some type of psychotic maniac and plans to reek hell on the world by letting everyone feel his pain . when susan becomes confined to a wheelchair , john helps her on her road to recovery . but all is not well , burke has decided to sell the powerful weapons on the black market and hires unknowingly naive young african-americans to sell them for him . but , ( and i hope your sitting down ) my god , he's captured john's baby brother ! this prompts him to turn into a superhuman metal man with a cool suit and plenty of interesting gadgets . an action film easily more forgettable than batman & robin "},
	{ "id": "76", "rev": "at least batman had some flashly effects and cool scenes . this film is filled with countless scenes that are so bad , it almost appears as if some of the actors are holding back their laughter . another thing that makes it bad is the fact that we a supposed to actually care for all of these characters when they are placed into danger , even though we know that they cannot possibly die because this is a run-of-the mill action flick . this is another film to see if you enjoy inflicting pain on yourself , and i give it * star"	},
	{ "id": "76", "rev": "the young-uns this film contains lots of violence and showcases it as a way of solving problems , it glorifies this is many ways . however , it's not as nearly as violent as many other action films your child's already seen . good age 11-12 additional note this film also made the internet movie database's top 10 worst films of the 90s ."},
	{ "id": "76","rev": "have you ever heard the one about a movie so bad that it made a guy run out of the theatre screaming ?  obviously the producers at columbia tristar did not think that we suffered enough from the first installment , and so to finish us utterly , they have now released urban legends : final cut . this is another scream -like feature , consisting merely from the recycled materials of rip-offs from the most pointless movies of all time "},

	{ "id": "56628", "rev": " While I definitely recommend this book to other readers, I would recommend it to older teenagers, mainly because it will resonate better with them. The writing is tame enough that younger teens could also read it, but most of the characters are adults or on the verge of adulthood. Older readers would take the most from it since they can not only relate, but they may also better pick up on and appreciate Cassandra's sometimes subtle humor."},	
	{ "id": "56628", "rev": " One of the most common problems with the literature on the Caribbean is that it is limited to islands and, despite a common history, does not include the West Indian communities on the mainland of Central and South America. Moreover, on those occasions when the entire region receives the attention of a scholar, the product is often from the perspective of the British Caribbean and makes no attempt to understand Hispanic influences. "},	
	{ "id": "56628", "rev": " The post-contact history of this stretch of coastline is intertwined with stories of buccaneers, escaped slaves, indigenous monarchies and international political intrigue. Moreover, it is the scene of one of the most spectacular intra-regional migrations in the modern history of Latin America because as many as 500,000 West Indian migrants passed through or settled in the region between 1850 and 1950."},	
	{ "id": "56628", "rev": " Ometèotl, the dual god, was the supreme metaphor. He was the supreme creator, the cause and effect, and gave men the ability to see beyond the natural world. Along the path of the arts, given to men by Ometèotl, men could find truth. The wise men meditated, thought. They contemplated the heavens and the earth seeking knowledge. They admired and wrought paintings, sculpture and poetry"},	
	{ "id": "56628", "rev": " Some of the wise men declared that since higher truth cannot be found, one must live life to the fullest and enjoy the time one has one earth. Others did not despair so easily. Intuition became the key to truth for these men. Occasionally, one will pronounce the Truth through the medium of poetry and the arts. This inspiration could allow men to glimpse the truth"},	
	{ "id": "56628", "rev": " The wise men recognized the differences between concepts based on magic and superstition and those based on observation and experience. But, if everything on earth was temporary, then truth cannot be found here. Truth must be found somewhere beyond the earthly domain, in those regions where the gods live. But how to get to these regions remained a problem."},	
	{ "id": "56628", "rev": " The tlamatinime, or wise men, first studied the codices and legends and attempted to interpret them. But their studies produced questions as to the meaning of life and the universe. The wise men first perceived that life was fleeting and fragile, dream-like. If this was so, then the question arose of whether anything was worth doing. "},	
	{ "id": "56628", "rev": " bases his investigations and conclusions on detailed examinations of the records left by the early missionaries to the newly conquered territories of Mexico and on an in-depth analysis of the surviving Nahuatl texts, including poetry. In these accounts, he finds evidence of a deeply philosophical people. But these men, the tlamatinime, differed from the warrior class or the common people in that they sought to discover the meaning of life on an intellectual plane." },	
	{ "id": "56628", "rev": "Have you ever wondered if the neighborhood cat is spying on you? Read about Operation Acoustic Kitty and find out if this feline fantasy fiction or fact. Do you think bugs are creepy? What about a zombified cyborg beetle? Is Fido so special that you want two of him? Money can buy you an almost exact copy of your pooch BUT don't expect the same personality. "},	
	{ "id": "56628", "rev": "Author description: Nanette Scarpellini is a graduate research assistant in the NASA Space Grant College and Fellowship program for the University of Nebraska at Omaha Aviation Institute and the assistant editor for the Journal of Air Transportation World Wide. Ms. Scarpellini is pursuing a Master of Public Administration degree with an Aviation Administration concentration.  "},
		
	
	{ "id": "56620", "rev": "hooking up with mary ( star trek : tng's michelle forbes ) , the duo begin a  fantasy adventure that transcends any sense of reality , culminating in the birth of a new messiah who is dubbed pumpkin . bullfighter is ultimately a blatant ripoff of robert rodriguez's el mariachi , made for obviously no money by indie vet l . m . kit carson and his crew . strangely enough , rodriguez actually has a cameo in this movie , which says to me he's paying off carson for all his support of indie filmmaking " },
	{ "id": "56620", "rev": " Ometèotl, the dual god, was the supreme metaphor. He was the supreme creator, the cause and effect, and gave men the ability to see beyond the natural world. Along the path of the arts, given to men by Ometèotl, men could find truth. The wise men meditated, thought. They contemplated the heavens and the earth seeking knowledge. They admired and wrought paintings, sculpture and poetry"},	
	{ "id": "56620", "rev": "Have you ever wondered if the neighborhood cat is spying on you? Read about Operation Acoustic Kitty and find out if this feline fantasy fiction or fact. Do you think bugs are creepy? What about a zombified cyborg beetle? Is Fido so special that you want two of him? Money can buy you an almost exact copy of your pooch BUT don't expect the same personality. "},	
	{ "id": "56620", "rev": " One of the most common problems with the literature on the Caribbean is that it is limited to islands and, despite a common history, does not include the West Indian communities on the mainland of Central and South America. Moreover, on those occasions when the entire region receives the attention of a scholar, the product is often from the perspective of the British Caribbean and makes no attempt to understand Hispanic influences. "},	
	{ "id": "56620", "rev": "the young-uns this film contains lots of violence and showcases it as a way of solving problems , it glorifies this is many ways . however , it's not as nearly as violent as many other action films your child's already seen . good age 11-12 additional note this film also made the internet movie database's top 10 worst films of the 90s ."},
	{ "id": "56620","rev": "have you ever heard the one about a movie so bad that it made a guy run out of the theatre screaming ?  obviously the producers at columbia tristar did not think that we suffered enough from the first installment , and so to finish us utterly , they have now released urban legends : final cut . this is another scream -like feature , consisting merely from the recycled materials of rip-offs from the most pointless movies of all time "},
	{ "id" : "56620", "rev" : " These subjects can be better covered by creating another chapter or by parceling them into both earlier and later sections. In this situation, the author provides good material and content, which is hampered by poor organization. Overall, a detailed story of the advancement of aviation is shown in readable and entertaining style"},
	{ "id" : "56620", "rev" : " presents a broad analysis of aviation history that focuses on developments worldwide, as opposed to the many history books that single out achievements of the United States. Aviation History offers an objective view of aviation developments and illustrates the interactive nature of the industry. War spurred many of aviation’s most significant advances, with countries openly borrowing new procedures and operations from enemy progress in the field creating the most effective fighting fleets. "},
	{ "id" : "56620", "rev" : "Each chapter is filled with pictures and colorful quotes from people of that era. These firsthand accounts provide deeper insight into what, in some history books, is just a listing of factual information. When the Red Baron Manfred von Richthofen describes his victory over British ace Lanoe Hawker on November 23, 1916, the day comes alive. I was on patrol that day and observed three Englishmen who had nothing else in mind than to hun "},
	{ "id" : "56620", "rev" : "theyre all members of a barbie playset : the important film director who swoons , billie , id love to put you in a movie im making , and the big-time record executive who takes billies demo tape and says , oh , ill make sure the whole team listens to it in the morning ." } 
					
	]