
	
	[  { "username" : "Rabeea", "email" : "rabeea@gmail.com", "address" : "Haifa,122,Haifa,1234567","tel": "0512341234", "password" :"11111111" ,"nickname" : " Ashqar ","description":"I like reading books! ","photo":""},
	  { "username" : "Nadine", "email" : "nadine@gmail.com", "address" : "allll,12,rsass,1234567","tel": "0512341233" , "password" : "11111111","nickname" : " Matanis ","description":"Books is Life","photo":""},
  	  { "username" : "rabeea1", "email" : "rr@fd.f", "address" : "jerusalem,12,wwwww,1234567","tel": "0512341222" , "password" :"11111111" ,"nickname" : "Fofoo1  ","description":"I LIKE THIS WEBSITE ","photo":""},
	  { "username" : "jack", "email" : "www@f.fd", "address" : "fasffa,15,wwwww,1234567","tel":  "0512341234", "password" :"11111111" ,"nickname" : " totooo2 ","description":"I LIKE THIS WEBSITE  ","photo":""},
	  { "username" : "samo", "email" : "fofo@f.f", "address" : "alenb,22,ttt,1234567","tel":  "0512341234", "password" :"11111111" ,"nickname" : " Fofoo3 ","description":" I LIKE THIS WEBSITE ","photo":""},
	  { "username" : "chris", "email" : "co@s.s", "address" : "fasffa,566,rrrw,1234567","tel": "0512341234" , "password" :"rrrrrrrr" ,"nickname" : "  totooo4","description":" I LIKE THIS WEBSITE ","photo":""},
  	  { "username" : "alex", "email" : "ale@f.f", "address" : "dfgd,92,wwwww,1234567","tel":  "0512341234", "password" : "11111111","nickname" : "sosoo5  ","description":"I LIKE THIS WEBSITE  ","photo":""},
	  { "username" : "fifi", "email" : "fifi@fsa.as", "address" : "fdgdfg,632,wwwww,1234567","tel": "0512341234" , "password" : "rrrrrrrr","nickname" : " Fofoo6 ","description":" I LIKE THIS WEBSITE ","photo":""},
	  { "username" : "jess", "email" : "jej@dsd.s", "address" : "dfgdf,12,wwwww,1234567","tel": "0512341234" , "password" :"rrrrrrrr" ,"nickname" : " totooo63 ","description":"I LIKE THIS WEBSITE  ","photo":""},
	    { "username" : "fifo", "email" : "fiefo@f.f", "address" : "fasffa,22,rwq,1234567","tel": "0512341234" , "password" :"rrrrrrrr" ,"nickname" : " sosoo111 ","description":"I LIKE THIS WEBSITE  ","photo":""},
  	  { "username" : "soso", "email" : "spfp@sas.f", "address" : "wetwet,12,rqwr,1234567","tel":  "0512341234", "password" : "rrrrrrrr","nickname" : " Fofoo33 ","description":" I LIKE THIS WEBSITE ","photo":""},
	  { "username" : "toti", "email" : "tott@fsf.f", "address" : "fasffa,77,erherh,1234567","tel":  "0512341234", "password" : "rrrrrrrr","nickname" : "  Fofoo51","description":"I LIKE THIS WEBSITE  ","photo":""},
	  { "username" : "nana", "email" : "nan@s.s", "address" : "rewtwet,47,wwwww,1234567","tel":  "0512341234", "password" :"11111111" ,"nickname" : "  totooo13","description":"I LIKE THIS WEBSITE  ","photo":""},
	  { "username" : "cesc", "email" : "cec@dsd.d", "address" : "gthth,62,wwwww,1234567","tel": "0512341234" , "password" :"22222222" ,"nickname" : " sosoo7","description":" I LIKE THIS WEBSITE ","photo":""},
  	  { "username" : "Leo", "email" : "leo@s.s", "address" : "fasffa,13,reheh,1234567","tel":  "0512341234", "password" : "22222222","nickname" : " Fofoo8 ","description":"I LIKE THIS WEBSITE  ","photo":""},
	  { "username" : "andres", "email" : "andr@sd.d", "address" : "sdgdsg,67,wwwww,1234567","tel": "0512341234" , "password" :"11111111" ,"nickname" : "totooo57 ","description":"I LIKE THIS WEBSITE ","photo":""},
	  { "username" : "paul", "email" : "pop@d.d", "address" : "hthrh,90,wwwww,1234567","tel":  "0512341234", "password" : "22222222","nickname" : "  jojoo377","description":" I LIKE THIS WEBSITE ","photo":""},
	  { "username" : "luis", "email" : "lui@d.d", "address" : "fasffa,45,rhdfhh,1234567","tel": "0512341234" , "password" : "11111111","nickname" : " sosoo253","description":" I LIKE THIS WEBSITE ","photo":""},
  	  { "username" : "mimi", "email" : "mim@d.ds", "address" : "dfgd,12,ttt,1234567","tel": "0512341234" , "password" : "11111111","nickname" : " jojoo00 ","description":"I LIKE THIS WEBSITE  ","photo":""},
	    { "username" : "tota", "email" : "dto@d.d", "address" : "Urrfa,12,ttt,1234567A","tel":  "0512341234", "password" : "22222222","nickname" : " sosoo07 ","description":"I LIKE THIS WEBSITE ","photo":""}]	  	  	  